,Id,Sentiment,Text Tweet,clean_teks,clean_teks2
0,1,positive,<USER_MENTION> #BOIKOT_<PROVIDER_NAME> Gunakan Produk Bangsa Sendiri <PROVIDER_NAME>,produk bangsa,"['produk', 'bangsa']"
1,2,positive,"Saktinya balik lagi, alhamdulillah :v <PROVIDER_NAME>",sakti alhamdulillah v,"['sakti', 'alhamdulillah', 'v']"
2,3,negative,Selamat pagi <PROVIDER_NAME>  bisa bantu kenapa di dalam kamar sinyal 4G hilang yang 1 lagi panggilan darurat saja  <URL>,selamat pagi bantu kamar sinyal g hilang panggil darurat,"['selamat', 'pagi', 'bantu', 'kamar', 'sinyal', 'g', 'hilang', 'panggil', 'darurat']"
3,4,negative,Dear <PROVIDER_NAME> akhir2 ini jaringan data lemot banget padahal H+ !!!!,dear jaringan data lot banget h,"['dear', 'jaringan', 'data', 'lot', 'banget', 'h']"
4,5,negative,Selamat malam PENDUSTA <PROVIDER_NAME> ,selamat malam dusta,"['selamat', 'malam', 'dusta']"
5,6,negative,Untuk penembakan paket dari <PRODUCT_NAME> masih gangguan ya <PROVIDER_NAME>,tembak paket ganggu ya,"['tembak', 'paket', 'ganggu', 'ya']"
6,7,positive,"<PROVIDER_NAME>  aku pakai <PROVIDER_NAME>, paket <PRODUCT_NAME> nya udah off tapi gantinya ada paket <PRODUCT_NAME> yg bisa gratisan youtube, senang banget <PROVIDER_NAME>",pakai paket nya udah off ganti paket yg gratis youtube senang banget,"['pakai', 'paket', 'nya', 'udah', 'off', 'ganti', 'paket', 'yg', 'gratis', 'youtube', 'senang', 'banget']"
7,8,negative,RT <USER_MENTION>: <PROVIDER_NAME> tak ada lagi dalam kamus perhapean saya. #Boikot<PROVIDER_NAME> <URL>,rt kamus perhapean,"['rt', 'kamus', 'perhapean']"
8,9,negative,keluhan gak ditanggapi. bikin emosi aja. pulsaku dicuri terus. soak deh. masa setiap hari pulsa berkurang 1500-2100 bisa 2-3*/hari,keluh gak tanggap bikin emosi aja pulsa curi soak deh pulsa kurang,"['keluh', 'gak', 'tanggap', 'bikin', 'emosi', 'aja', 'pulsa', 'curi', 'soak', 'deh', 'pulsa', 'kurang']"
9,10,negative,#Bilboard iklan <PROVIDER_NAME> kok ada pesan tersembunyi? #Boikot<PROVIDER_NAME> #Ramadhan <URL>,bilboard iklan pesan sembunyi ramadhan,"['bilboard', 'iklan', 'pesan', 'sembunyi', 'ramadhan']"
10,11,negative,"<PROVIDER_NAME> mampus!!!!! bulan puasa, subuh2 mau sahur cek pulsa tersedot terus. dan sekarang sisa 30 ribu <PROVIDER_NAME> Tolong dibaca!!!",mampus puasa subuh sahur cek pulsa sedot sisa ribu tolong baca,"['mampus', 'puasa', 'subuh', 'sahur', 'cek', 'pulsa', 'sedot', 'sisa', 'ribu', 'tolong', 'baca']"
11,12,negative,<USER_MENTION> Pernah coba pakai <PROVIDER_NAME> tapi parah koneksinya ,coba pakai parah koneksi,"['coba', 'pakai', 'parah', 'koneksi']"
12,13,negative,"Setuju, <USER_MENTION> silahkan boikot saja pelanggan <PROVIDER_NAME> pendukung #HRS <URL>",tuju silah boikot langgan dukung hrs,"['tuju', 'silah', 'boikot', 'langgan', 'dukung', 'hrs']"
13,14,negative,"Dibela belain daftarin kartu 4G tunggu sejam siang2 sambil puasa, sampai rumah sinyal 4Gnya gak ada, adanya di kota!, <PROVIDER_NAME>",bela bain daftarin kartu g tunggu jam siang puasa rumah sinyal gnya gak kota,"['bela', 'bain', 'daftarin', 'kartu', 'g', 'tunggu', 'jam', 'siang', 'puasa', 'rumah', 'sinyal', 'gnya', 'gak', 'kota']"
14,15,negative,<PROVIDER_NAME> datanya kok sering hilang <PROVIDER_NAME>,data hilang,"['data', 'hilang']"
15,16,negative,#internetlelet  <PROVIDER_NAME> ga sesuai iklan ,internetlelet ga sesuai iklan,"['internetlelet', 'ga', 'sesuai', 'iklan']"
16,17,positive,<PROVIDER_NAME> <PROVIDER_NAME> kangen nih dapat kiriman pos marchandes nya <PROVIDER_NAME> langsung dari pak pos nya ,kangen nih kirim pos marchandes nya langsung pos nya,"['kangen', 'nih', 'kirim', 'pos', 'marchandes', 'nya', 'langsung', 'pos', 'nya']"
17,18,negative,"yang katanya 150MBPS kecepatanya cuma 3kbps, kuota full. Ga bisa buka google? Udah bikin nguras uang dan baterai… <URL>",mbps kecepatanya kbps kuota full ga buka google udah bikin nguras uang baterai,"['mbps', 'kecepatanya', 'kbps', 'kuota', 'full', 'ga', 'buka', 'google', 'udah', 'bikin', 'nguras', 'uang', 'baterai']"
18,19,negative,kuota #internet <PROVIDER_NAME> masih banyak tapi koneksi internetnya LAMBAT BANGET! #<PRODUCT_NAME> <PROVIDER_NAME> #4G #lte… <URL>,kuota internet koneksi internetnya lambat banget g lte,"['kuota', 'internet', 'koneksi', 'internetnya', 'lambat', 'banget', 'g', 'lte']"
19,20,negative,Ampun... Sinyal 4G <PROVIDER_NAME> lemot seperti siput. Acara live streaming jadi terganggu. Mundur terus <PROVIDER_NAME>,ampun sinyal g lot siput acara live streaming ganggu mundur,"['ampun', 'sinyal', 'g', 'lot', 'siput', 'acara', 'live', 'streaming', 'ganggu', 'mundur']"
20,21,negative,Jaringan <PROVIDER_NAME> di Nabire bagus? Itu hanya berita HOAX #HOAX <PROVIDER_NAME>,jaringan nabire bagus berita hoax hoax,"['jaringan', 'nabire', 'bagus', 'berita', 'hoax', 'hoax']"
21,22,negative,Makin jelek jaringan di takalar <PROVIDER_NAME>,jelek jaringan takalar,"['jelek', 'jaringan', 'takalar']"
22,23,positive,Jadi stabil disini. <PROVIDER_NAME> <URL>,stabil,['stabil']
23,24,positive,#CUG <PROVIDER_NAME> #Community Sangat Cocok Buat Komunikasi Antar :. - Keluarga. - Rekan Bisnis / Kerja. - Sekolah / Kampus. - Hubungan Jarak.,cug community cocok komunikasi keluarga rekan bisnis kerja sekolah kampus hubung jarak,"['cug', 'community', 'cocok', 'komunikasi', 'keluarga', 'rekan', 'bisnis', 'kerja', 'sekolah', 'kampus', 'hubung', 'jarak']"
24,25,negative,<PROVIDER_NAME> <PROVIDER_NAME> ini kualitas provider <PROVIDER_NAME> gangguan trouble mahal berhari2 #useless4g <URL>,kualitas provider ganggu trouble mahal hari uselessg,"['kualitas', 'provider', 'ganggu', 'trouble', 'mahal', 'hari', 'uselessg']"
25,26,negative,<PROVIDER_NAME> <PRODUCT_NAME> sinyalnya tai...,sinyal tai,"['sinyal', 'tai']"
26,27,negative,Jaringan internet <PROVIDER_NAME> di sumba timur parah....,jaringan internet sumba timur parah,"['jaringan', 'internet', 'sumba', 'timur', 'parah']"
27,28,negative,"Dengan ajaib kuota hilang, usage diberikan bahkan bukti penggunaan tidak melebihi batas. <URL>",ajaib kuota hilang usage bukti guna lebih batas,"['ajaib', 'kuota', 'hilang', 'usage', 'bukti', 'guna', 'lebih', 'batas']"
28,29,negative,"Bertahun tahun pakai <PROVIDER_NAME>. Masa aktif sampai 2018 karena seringnya ""bayar"" untuk dapat pelayanan yang memuaskan",tahun pakai aktif bayar layan muas,"['tahun', 'pakai', 'aktif', 'bayar', 'layan', 'muas']"
29,30,negative,cepat banget data <PROVIDER_NAME> habis <URL>,cepat banget data habis,"['cepat', 'banget', 'data', 'habis']"
30,31,negative,<USER_MENTION>: Apa gak kurang tolol namanya. <PROVIDER_NAME> provider gak ada urusan sama semua Chat App! ,gak tolol nama provider gak urus chat app,"['gak', 'tolol', 'nama', 'provider', 'gak', 'urus', 'chat', 'app']"
31,32,negative,"mungkin <PROVIDER_NAME> benar, berarti tinggal #whatsappNotSave <URL>",tinggal whatsappnotsave,"['tinggal', 'whatsappnotsave']"
32,33,positive,"Hore,,, Akhirnya ada sinyal 4G <PROVIDER_NAME> di Sambu",hore sinyal g sambu,"['hore', 'sinyal', 'g', 'sambu']"
33,34,positive,Alhamdulilah dikunjungi para vendor mitra <PROVIDER_NAME> ke #klinikKUMSda… <URL>,alhamdulilah kunjung vendor mitra klinikkumsda,"['alhamdulilah', 'kunjung', 'vendor', 'mitra', 'klinikkumsda']"
34,35,negative,Terlambat ikut <PRODUCT_NAME>... Jelaslah jaringan <PROVIDER_NAME> lemot...,lambat jaringan lot,"['lambat', 'jaringan', 'lot']"
35,36,negative,"<PROVIDER_NAME> tega, Menyampaikan pesan kok suka telat,, bikin #BAPER",tega pesan suka telat bikin baper,"['tega', 'pesan', 'suka', 'telat', 'bikin', 'baper']"
36,37,negative,Jaringan 4G kecepatan 2G <PROVIDER_NAME>,jaringan g cepat g,"['jaringan', 'g', 'cepat', 'g']"
37,38,negative,Paket extra combo kok lemot ya <PROVIDER_NAME>,paket extra combo lot ya,"['paket', 'extra', 'combo', 'lot', 'ya']"
38,39,negative,Kenapa! Masa buka Facebook aja gak bisa <PROVIDER_NAME>,buka facebook aja gak,"['buka', 'facebook', 'aja', 'gak']"
39,40,negative,"Rugi isi kuota <PROVIDER_NAME> jaringannya busuk banget, dirugikan ..",rugi isi kuota jaring busuk banget rugi,"['rugi', 'isi', 'kuota', 'jaring', 'busuk', 'banget', 'rugi']"
40,41,negative,solidaritas perlu.. tapi perasaan lebih penting lagi dari solidaritas.  ngomong dong <PROVIDER_NAME>,solidaritas asa solidaritas ngomong,"['solidaritas', 'asa', 'solidaritas', 'ngomong']"
41,42,positive,<PROVIDER_NAME> 1berbagi tanpa kuota 2 berbagai kapan saja <PROVIDER_NAME> bagi berkah <USER_MENTION>,bagi kuota berkah,"['bagi', 'kuota', 'berkah']"
42,43,positive,"<PROVIDER_NAME> bagi berkah 1video ngabuburit dengan anak, video sahur bersama keluarga, video pakai baju koko baru, <USER_MENTION>",berkah video ngabuburit anak video sahur keluarga video pakai baju koko,"['berkah', 'video', 'ngabuburit', 'anak', 'video', 'sahur', 'keluarga', 'video', 'pakai', 'baju', 'koko']"
43,44,negative,Koneksi <PROVIDER_NAME> di daerah #sawojajar kota #malang seminggu ini lemot parah ? lagi gangguan kah? <PROVIDER_NAME>Care <PROVIDER_NAME>,koneksi daerah sawojajar kota malang minggu lot parah ganggu kah provider namecare,"['koneksi', 'daerah', 'sawojajar', 'kota', 'malang', 'minggu', 'lot', 'parah', 'ganggu', 'kah', 'provider namecare']"
44,45,positive,"Saya pakai <PROVIDER_NAME>, meski <PROVIDER_NAME> lebih greget dalam hal network and speed, setidaknya <PROVIDER_NAME> lebih irit buat anak kere seperti saya.",pakai greget network and speed irit anak kere,"['pakai', 'greget', 'network', 'and', 'speed', 'irit', 'anak', 'kere']"
45,46,positive,#Boikot <PROVIDER_NAME> harusnya #boikot<PROVIDER_NAME> kartu mahal!. lebih bagus juga <PROVIDER_NAME>,boikot kartu mahal bagus,"['boikot', 'kartu', 'mahal', 'bagus']"
46,47,positive,<PROVIDER_NAME> <PROVIDER_NAME> Berbagi berkah,bagi berkah,"['bagi', 'berkah']"
47,48,negative,Baru isi kuota ... tapi baru 2 menit langsung habis kacau. <PROVIDER_NAME> <URL>,isi kuota menit langsung habis kacau,"['isi', 'kuota', 'menit', 'langsung', 'habis', 'kacau']"
48,49,negative,Sinyalmu jelek banget sih akhir akhir ini <PROVIDER_NAME>,sinyal jelek banget sih,"['sinyal', 'jelek', 'banget', 'sih']"
49,50,negative,#Boikot<PROVIDER_NAME> Pergerakan masif PKI dan antek2nya melalui iklan <PROVIDER_NAME>. Mari hancurkan PKI melalui #Boikot<PROVIDER_NAME>,gera masif pki antek iklan mari hancur pki,"['gera', 'masif', 'pki', 'antek', 'iklan', 'mari', 'hancur', 'pki']"
50,51,positive,Alhamdulillah masih #setia dengan <PROVIDER_NAME>.. jangan menari di tabuhan gendang orang lain.. selamat isya dan tarawih... ,alhamdulillah setia tari tabuhan gendang orang selamat isya tarawih,"['alhamdulillah', 'setia', 'tari', 'tabuhan', 'gendang', 'orang', 'selamat', 'isya', 'tarawih']"
51,52,negative,"Aku kira diganti pulsaku. udah komplain sana sini, kok cuma php, <PROVIDER_NAME>",ganti pulsa udah komplain php,"['ganti', 'pulsa', 'udah', 'komplain', 'php']"
52,53,negative,Sinyalmu kenapa <PROVIDER_NAME>,sinyal,['sinyal']
53,54,negative,<PROVIDER_NAME> musuh Ulama #Boikot<PROVIDER_NAME> <URL>,musuh ulama,"['musuh', 'ulama']"
54,55,negative,RT <USER_MENTION>: sudah lama gak pakai <PROVIDER_NAME>,rt gak pakai,"['rt', 'gak', 'pakai']"
55,56,negative,Saya gak benci tapi kelakuan <USER_MENTION> yang bikin #Boikot<PROVIDER_NAME>  Pendukung #PKI coba kamu lihat iklan <PROVIDER_NAME> ada gambar palu arit,gak benci laku bikin dukung pki coba lihat iklan gambar palu arit,"['gak', 'benci', 'laku', 'bikin', 'dukung', 'pki', 'coba', 'lihat', 'iklan', 'gambar', 'palu', 'arit']"
56,57,negative,RT <USER_MENTION>: <USER_MENTION> HT Nya #PuasPake<PROVIDER_NAME> Noh. aku pakek <PROVIDER_NAME> Gimana thu..…,rt ht nya puaspakeprovider name noh pakek gimana thu,"['rt', 'ht', 'nya', 'puaspakeprovider name', 'noh', 'pakek', 'gimana', 'thu']"
57,58,negative,"<PROVIDER_NAME> bisa gak sih kuota 4G digabung saja sama 3G, sayang gak terpakai mubazir... Mubazir itu temennya setan lho!! <PROVIDER_NAME> ",gak sih kuota g gabung g sayang gak pakai mubazir mubazir temennya setan lho,"['gak', 'sih', 'kuota', 'g', 'gabung', 'g', 'sayang', 'gak', 'pakai', 'mubazir', 'mubazir', 'temennya', 'setan', 'lho']"
58,59,positive,"Rejeki pejet2.., semoga ke depan dapat samsung J5..#<PRODUCT_NAME> <PROVIDER_NAME> Medan, Indonesia <URL>",rejeki jet moga samsung jproduct name medan indonesia,"['rejeki', 'jet', 'moga', 'samsung', 'jproduct name', 'medan', 'indonesia']"
59,60,positive,Asik juga kencang begini ? <PROVIDER_NAME> <URL>,asik kencang,"['asik', 'kencang']"
60,61,negative,Buat apa beli paket 4G jika jaringan internetnya masih Edge <PROVIDER_NAME> <PROVIDER_NAME>,beli paket g jaringan internetnya edge,"['beli', 'paket', 'g', 'jaringan', 'internetnya', 'edge']"
61,62,negative,Bagaimana ini <PROVIDER_NAME> 4G tapi lemot,g lot,"['g', 'lot']"
62,63,negative,Nelepon ke sesama <PROVIDER_NAME> pulsa 20.000 cuma cukup buat 23 menit? <PROVIDER_NAME> BANGSAT..............<PROVIDER_NAME>…<URL>,nelepon pulsa menit bangsatprovider nameurl,"['nelepon', 'pulsa', 'menit', 'bangsatprovider nameurl']"
63,64,negative,Signal 4G <PROVIDER_NAME> bekasi kenapa? Gak bisa internetan sama sekali dari tadi subuh,signal g bekas gak internetan subuh,"['signal', 'g', 'bekas', 'gak', 'internetan', 'subuh']"
64,65,negative,<PROVIDER_NAME> tarif Internet Super Kuota naik lagi. Negara lain internet makin murah kok <PROVIDER_NAME> makin mahal? ,tarif internet super kuota negara internet murah mahal,"['tarif', 'internet', 'super', 'kuota', 'negara', 'internet', 'murah', 'mahal']"
65,66,negative,JARINGAN <PROVIDER_NAME> tidak ada SINYAL untuk wilayah Sindangkasih - ciamis <PROVIDER_NAME> ,jaringan sinyal wilayah sindangkasih ciamis,"['jaringan', 'sinyal', 'wilayah', 'sindangkasih', 'ciamis']"
66,67,positive,<PROVIDER_NAME> terimakasih <PROVIDER_NAME> akhirnya menang pointastic deal dari <PROVIDER_NAME> #PointasticDeal <PROVIDER_NAME> <URL>,terimakasih menang pointastic deal pointasticdeal,"['terimakasih', 'menang', 'pointastic', 'deal', 'pointasticdeal']"
67,68,negative,"<PROVIDER_NAME> kalo bukan karena nomer sudah lama, pasti sudah dibuang saja dari dulu. <PROVIDER_NAME>",kalo nomer buang,"['kalo', 'nomer', 'buang']"
68,69,negative,<PROVIDER_NAME> jadi yang dizalimi bukan cuma saya ya? <PROVIDER_NAME> <URL>,zalim ya,"['zalim', 'ya']"
69,70,positive,mantap ini. #4g #LTE <PROVIDER_NAME> <URL>,mantap g lte,"['mantap', 'g', 'lte']"
70,71,negative,Sinyal jelek! Komplain gak direspon! #Boikot<PROVIDER_NAME> <PROVIDER_NAME> <URL>,sinyal jelek komplain gak direspon,"['sinyal', 'jelek', 'komplain', 'gak', 'direspon']"
71,72,negative,"Alhamdulillah mulai hari, ini 2 kartu telpon dan 2 kartu internetan kami gak pakai <PROVIDER_NAME> lagi. #Boikot<PROVIDER_NAME>",alhamdulillah kartu telpon kartu internetan gak pakai,"['alhamdulillah', 'kartu', 'telpon', 'kartu', 'internetan', 'gak', 'pakai']"
72,73,negative,#Boikot<PROVIDER_NAME> bentuk tekanan masyarakat agar perusahaan publik sekelas <PROVIDER_NAME> lebih berhati-hati ke depannya… <URL>,bentuk tekan masyarakat usaha publik kelas berhatihati depan,"['bentuk', 'tekan', 'masyarakat', 'usaha', 'publik', 'kelas', 'berhatihati', 'depan']"
73,74,negative,<USER_MENTION> <USER_MENTION> <PROVIDER_NAME> Alhamdulillah saya gak pakai <PROVIDER_NAME> dari dulu #Boikot<PROVIDER_NAME> ,alhamdulillah gak pakai,"['alhamdulillah', 'gak', 'pakai']"
74,75,positive,Saya dulu memimpikan pakai <PROVIDER_NAME>.  Tapi sekarang gak mimpi lagi.  Setia saja sama <PROVIDER_NAME> walau mahal sedikit. Ikutan #Boikot<PROVIDER_NAME>,mimpi pakai gak mimpi setia mahal ikut,"['mimpi', 'pakai', 'gak', 'mimpi', 'setia', 'mahal', 'ikut']"
75,76,positive,"jauh sebelum ada aksi #Boikot<PROVIDER_NAME> saya tidak pakai <PROVIDER_NAME> lagi,  sebab <PROVIDER_NAME> masih lebih bagus maaf bukan iklan tapi kenyataan",aksi pakai bagus maaf iklan nyata,"['aksi', 'pakai', 'bagus', 'maaf', 'iklan', 'nyata']"
76,77,positive,<PROVIDER_NAME> yang terbaik ini peserta nya… <URL>,baik serta nya,"['baik', 'serta', 'nya']"
77,78,positive,RT <USER_MENTION>: Teman sehari hari. #<PROVIDER_NAME> <PROVIDER_NAME> #<PROVIDER_NAME> #telecommunications… <URL>,rt teman hari telecommunications,"['rt', 'teman', 'hari', 'telecommunications']"
78,79,negative,<PROVIDER_NAME> jelek banget sinyalnya <PROVIDER_NAME>,jelek banget sinyal,"['jelek', 'banget', 'sinyal']"
79,80,positive,"Saya bisa ke Sydney karena program <PROVIDER_NAME> & itu GRATIS! ada 22 Mahasiswa. Belajar dn liburan, kalian para hacker intropeksi sana",sydney program gratis mahasiswa ajar dn libur hacker intropeksi,"['sydney', 'program', 'gratis', 'mahasiswa', 'ajar', 'dn', 'libur', 'hacker', 'intropeksi']"
80,81,negative,Internet mahal turunkan harga paket <PROVIDER_NAME> ,internet mahal turun harga paket,"['internet', 'mahal', 'turun', 'harga', 'paket']"
81,82,positive,Selalu pakai <PROVIDER_NAME> belum pernah pakai <PROVIDER_NAME> dan merasakan <PROVIDER_NAME>lemot Meski <PROVIDER_NAME>mahal tapi dibarengi dengan kualitas,pakai pakai rasa provider namelemot provider namemahal bareng kualitas,"['pakai', 'pakai', 'rasa', 'provider namelemot', 'provider namemahal', 'bareng', 'kualitas']"
82,83,negative,"Webnya <PROVIDER_NAME> dibajak ya?  Cie dibajak. Semoga habis ini paket2, spam2 dan promo2nya makin subur.  <PROVIDER_NAME>",webnya bajak ya cie bajak moga habis paket spam promonya subur,"['webnya', 'bajak', 'ya', 'cie', 'bajak', 'moga', 'habis', 'paket', 'spam', 'promonya', 'subur']"
83,84,positive,CS <PROVIDER_NAME> <PROVIDER_NAME> emang paling fast response sama keluhan konsumen. Beda dengan operator sebelah! #opinipenjualpulsa,cs emang fast response keluh konsumen beda operator belah opinipenjualpulsa,"['cs', 'emang', 'fast', 'response', 'keluh', 'konsumen', 'beda', 'operator', 'belah', 'opinipenjualpulsa']"
84,85,positive,"Ini prinsip soalnya <PROVIDER_NAME> lebih murah dari <PROVIDER_NAME>, masalah sinyal disini Alhamdulillah kencang karena di kota besar kok",prinsip murah sinyal alhamdulillah kencang kota,"['prinsip', 'murah', 'sinyal', 'alhamdulillah', 'kencang', 'kota']"
85,86,positive,Terbaik Buat <PROVIDER_NAME> <PROVIDER_NAME>,baik,['baik']
86,87,positive,Kembali ke paketan <PROVIDER_NAME> <PROVIDER_NAME>,paket,['paket']
87,88,positive,<PROVIDER_NAME> Mantap di Sumedang <PROVIDER_NAME> ,mantap sumedang,"['mantap', 'sumedang']"
88,89,negative,"<PROVIDER_NAME> semakin kesini semakin mahal, jaringannya 4G tapi lelet, pesan masukku penuh isinya pesan promo yang nyedot pulsa semua <PROVIDER_NAME>",kesini mahal jaring g lelet pesan masuk penuh isi pesan promo nyedot pulsa,"['kesini', 'mahal', 'jaring', 'g', 'lelet', 'pesan', 'masuk', 'penuh', 'isi', 'pesan', 'promo', 'nyedot', 'pulsa']"
89,90,negative,Tolong dong kensinya di benerin di wilayah keramat jati. Kenapa lemot !!!! <PROVIDER_NAME> <PRODUCT_NAME> <PROVIDER_NAME>,tolong kensinya benerin wilayah keramat jati lot,"['tolong', 'kensinya', 'benerin', 'wilayah', 'keramat', 'jati', 'lot']"
90,91,negative,"Sinyal kami paling kuat KATANYA. internetku di jakarta lemot parah, 3g aja gak dapat. makin hari makin jadi ini provider <PROVIDER_NAME> <PROVIDER_NAME>",sinyal kuat internetku jakarta lot parah g aja gak provider,"['sinyal', 'kuat', 'internetku', 'jakarta', 'lot', 'parah', 'g', 'aja', 'gak', 'provider']"
91,92,negative,Keamanan <PROVIDER_NAME> dong yang harus ditingkatkan! Bikin rugi pelanggan aja..!! <URL>,aman tingkat bikin rugi langgan aja,"['aman', 'tingkat', 'bikin', 'rugi', 'langgan', 'aja']"
92,93,negative,harga jual & jumlah per rupiah dari kilobyte internet... memang <PROVIDER_NAME> juara mahalnya sih tsel vs <PROVIDER_NAME> <PROVIDER_NAME> ,harga jual rupiah kilobyte internet juara mahal sih tsel vs,"['harga', 'jual', 'rupiah', 'kilobyte', 'internet', 'juara', 'mahal', 'sih', 'tsel', 'vs']"
93,94,negative,<PROVIDER_NAME> <PROVIDER_NAME> kenapa jaringan 4g di sembungan bangunjiwo kasihan bantul sudah 3minggu sangat tidak stabil. kuota <PROVIDER_NAME> terbuang,jaringan g sembung bangunjiwo kasihan bantul minggu stabil kuota buang,"['jaringan', 'g', 'sembung', 'bangunjiwo', 'kasihan', 'bantul', 'minggu', 'stabil', 'kuota', 'buang']"
94,95,negative,<PROVIDER_NAME> <PROVIDER_NAME> apakah setelah mendapat banyak customer sekarang 4G di Sembungan Bangunjiwo Jogja jadi gak stabil?,customer g sembung bangunjiwo jogja gak stabil,"['customer', 'g', 'sembung', 'bangunjiwo', 'jogja', 'gak', 'stabil']"
95,96,negative,Sinyal macam apa ini? Ping game aja segede itu. Sinyalnya seperti tai. <PROVIDER_NAME> ,sinyal ping game aja gede sinyal tai,"['sinyal', 'ping', 'game', 'aja', 'gede', 'sinyal', 'tai']"
96,97,positive,lebih baik <PROVIDER_NAME> ,,[]
97,98,negative,Malas banget yang 12Gb jadi 6Gb <PROVIDER_NAME> masalahnya harga sama mahalnya - jaringannya sama dan free YouTubenya gak terpakai jamnya hadeh,malas banget gb gb harga mahal jaring free youtubenya gak pakai jam hadeh,"['malas', 'banget', 'gb', 'gb', 'harga', 'mahal', 'jaring', 'free', 'youtubenya', 'gak', 'pakai', 'jam', 'hadeh']"
98,99,positive,Yang gratisan memang menyenangkan <PROVIDER_NAME> <PRODUCT_NAME> <PRODUCT_NAME> #kuotagratis <URL> ,gratis senang kuotagratis,"['gratis', 'senang', 'kuotagratis']"
99,100,positive,Pindah provider saja kali ya buat internetan #kuning lemot... Dengar dari teman si #biru lebih bagus <PROVIDER_NAME> <PROVIDER_NAME>,pindah provider kali ya internetan kuning lot dengar teman si biru bagus,"['pindah', 'provider', 'kali', 'ya', 'internetan', 'kuning', 'lot', 'dengar', 'teman', 'si', 'biru', 'bagus']"
100,101,negative,"tolong lakukan reset di nomor saya  Jaringan lemah, memakan waktu lama untuk open page web #LEMOT #JARINGAN #LTE <PROVIDER_NAME> <PROVIDER_NAME>",tolong laku reset nomor jaringan lemah makan open page web lot jaringan lte,"['tolong', 'laku', 'reset', 'nomor', 'jaringan', 'lemah', 'makan', 'open', 'page', 'web', 'lot', 'jaringan', 'lte']"
101,102,positive,<PROVIDER_NAME> <PROVIDER_NAME> yg semakin kekinian bikin keki.,yg kini bikin keki,"['yg', 'kini', 'bikin', 'keki']"
102,103,positive,kecepatan internet di ciwidey segini...  mantap <PROVIDER_NAME> #4glte <USER_MENTION> <URL> …,cepat internet ciwidey gin mantap glte,"['cepat', 'internet', 'ciwidey', 'gin', 'mantap', 'glte']"
103,104,negative,"Jaringan 4g <PROVIDER_NAME> di cimahi kenapa yah,  kok lambat ?, sudah 4 hari ini.  Tapi kalo di kota bandung lancar jaya.. ",jaringan g cimahi yah lambat kalo kota bandung lancar jaya,"['jaringan', 'g', 'cimahi', 'yah', 'lambat', 'kalo', 'kota', 'bandung', 'lancar', 'jaya']"
104,105,negative,"<PROVIDER_NAME> parah, cuma bisa di 3G <PROVIDER_NAME> <PROVIDER_NAME>",parah g,"['parah', 'g']"
105,106,negative,<PROVIDER_NAME> Koneksi 4G rasa GPRS <PROVIDER_NAME> ,koneksi g gprs,"['koneksi', 'g', 'gprs']"
106,107,negative,Kapan nih akses data di kecamatan cisewu kabupaten garut bisa 4G,nih akses data camat cisewu kabupaten garut g,"['nih', 'akses', 'data', 'camat', 'cisewu', 'kabupaten', 'garut', 'g']"
107,108,negative,<PROVIDER_NAME> <PROVIDER_NAME>4GLTE <PROVIDER_NAME> #BOGOR #AREA  <URL> … UDAH 3 BULAN TIDAK ADA TANGGAPAN YG JELAS ,provider nameglte bogor area udah tanggap yg,"['provider nameglte', 'bogor', 'area', 'udah', 'tanggap', 'yg']"
108,109,negative,"tidak direkomendasikan, baru coba paket <PROVIDER_NAME> mingguan, tes pakai twitter 30menit pulsa terus berkurang, langsung unreg. <PROVIDER_NAME>",rekomendasi coba paket minggu tes pakai twitter menit pulsa kurang langsung unreg,"['rekomendasi', 'coba', 'paket', 'minggu', 'tes', 'pakai', 'twitter', 'menit', 'pulsa', 'kurang', 'langsung', 'unreg']"
109,110,positive,Nonton gratis dibayarin <PROVIDER_NAME> poin  <PROVIDER_NAME> <PROVIDER_NAME>poin ,nonton gratis dibayarin poin provider namepoin,"['nonton', 'gratis', 'dibayarin', 'poin', 'provider namepoin']"
110,111,positive,"Belum lama pakai <PROVIDER_NAME>, alhamdulillah selalu bermanfaat sinyalnya. #gsm #handphone <PROVIDER_NAME> #Simpati",pakai alhamdulillah manfaat sinyal gsm handphone simpati,"['pakai', 'alhamdulillah', 'manfaat', 'sinyal', 'gsm', 'handphone', 'simpati']"
111,112,positive,Terimakasih <PROVIDER_NAME> <URL> ,terimakasih,['terimakasih']
112,113,positive,Makin mantap saja si <PROVIDER_NAME>. Sekali SMS tarifnya 300. ,mantap si sms tarif,"['mantap', 'si', 'sms', 'tarif']"
113,114,positive,"alhamdulillah sudah beres pakai <PROVIDER_NAME> <PROVIDER_NAME>, daripada nunggu konfirmasi <PROVIDER_NAME> yg gak akan pernah datang. #janji… <URL>",alhamdulillah beres pakai nunggu konfirmasi yg gak janji,"['alhamdulillah', 'beres', 'pakai', 'nunggu', 'konfirmasi', 'yg', 'gak', 'janji']"
114,115,positive,<PROVIDER_NAME> terimakasih <PROVIDER_NAME> akhirnya menang <PRODUCT_NAME> dari <PROVIDER_NAME>  #<PRODUCT_NAME> <PROVIDER_NAME> ,terimakasih menang,"['terimakasih', 'menang']"
115,116,positive,Asik juga kencang begini <PROVIDER_NAME> ,asik kencang,"['asik', 'kencang']"
116,117,positive,Terimakasih ya <PROVIDER_NAME> gratis 4Gnya ayo buruan upgrade <PRODUCT_NAME>,terimakasih ya gratis gnya ayo buru upgrade,"['terimakasih', 'ya', 'gratis', 'gnya', 'ayo', 'buru', 'upgrade']"
117,118,positive,"Upload video 1GB kurang dari 4 menit, memang mantab ini kecepatan <PROVIDER_NAME>",upload video gb menit mantab cepat,"['upload', 'video', 'gb', 'menit', 'mantab', 'cepat']"
118,119,positive,Dapat bonus kuota 2GB dan 100 menit nelpon ke semua operator dari <PROVIDER_NAME>  <PROVIDER_NAME> <PRODUCT_NAME> <URL> ,bonus kuota gb menit nelpon operator,"['bonus', 'kuota', 'gb', 'menit', 'nelpon', 'operator']"
119,120,positive,Kuota masih AMAN <PROVIDER_NAME> #capture #kuotaaman Di Kota Mamuju <URL> ,kuota aman capture kuotaaman kota mamuju,"['kuota', 'aman', 'capture', 'kuotaaman', 'kota', 'mamuju']"
120,121,positive,Masih ada yang hemat <PROVIDER_NAME>,hemat,['hemat']
121,122,positive,Pakai paket <PRODUCT_NAME> <PROVIDER_NAME> irit.  <PROVIDER_NAME> <PROVIDER_NAME> <URL> ,pakai paket irit,"['pakai', 'paket', 'irit']"
122,123,positive,"dibuang sayang karena terlalu setia, lagipula nomernya bagus  <PROVIDER_NAME> <PROVIDER_NAME> <URL> ",buang sayang setia lagipula nomernya bagus,"['buang', 'sayang', 'setia', 'lagipula', 'nomernya', 'bagus']"
123,124,positive,Baru merasakan segitu besarnya ping.. 36604 ribu lumayanlah buat bukber <PROVIDER_NAME> <PROVIDER_NAME>,rasa segitu besar ping ribu lumayan bukber,"['rasa', 'segitu', 'besar', 'ping', 'ribu', 'lumayan', 'bukber']"
124,125,positive,Itu yang pada nulis disertai hashtag <PROVIDER_NAME>Lemot hidupnya dimana sih? Saya di Ungaran sini kok pakai <PROVIDER_NAME> lancar2 aja tuh.,nulis serta hashtag provider namelemot hidup mana sih ungar pakai lancar aja tuh,"['nulis', 'serta', 'hashtag', 'provider namelemot', 'hidup', 'mana', 'sih', 'ungar', 'pakai', 'lancar', 'aja', 'tuh']"
125,126,positive,Makanya pakai <PROVIDER_NAME> 60 ribu dapet 9giga. <PROVIDER_NAME> <PROVIDER_NAME>dihack <PROVIDER_NAME> <PROVIDER_NAME>mahal,pakai ribu dapet giga provider namedihack provider namemahal,"['pakai', 'ribu', 'dapet', 'giga', 'provider namedihack', 'provider namemahal']"
126,127,positive,mending pindah ke <PROVIDER_NAME> aja <PROVIDER_NAME>,mending pindah aja,"['mending', 'pindah', 'aja']"
127,128,positive,"Saya pakai <PRODUCT_NAME> <PROVIDER_NAME> <PROVIDER_NAME> karena jelas, terjangkau .. pake <PROVIDER_NAME> <PROVIDER_NAME> <PROVIDER_NAME> gak jelas, mahal",pakai jangkau pake gak mahal,"['pakai', 'jangkau', 'pake', 'gak', 'mahal']"
128,129,positive,"Siapa yang mau ditelpon, mumpung ada gratisan nih ...  <PROVIDER_NAME>",telpon mumpung gratis nih,"['telpon', 'mumpung', 'gratis', 'nih']"
129,130,positive,Tumben <PROVIDER_NAME> murah hati padaKu #onlyForU Jangan2 semua pelanggan diginikan.,tumben murah hati pada onlyforu langgan diginikan,"['tumben', 'murah', 'hati', 'pada', 'onlyforu', 'langgan', 'diginikan']"
130,131,positive,"Canggih nih, nambah hari malah nambah kuotanya . #kuota <PROVIDER_NAME> <PRODUCT_NAME> #4g <URL> ",canggih nih nambah nambah kuota kuota g,"['canggih', 'nih', 'nambah', 'nambah', 'kuota', 'kuota', 'g']"
131,132,positive,<PROVIDER_NAME> PENUH DENGAN BONUS <PROVIDER_NAME> ,penuh bonus,"['penuh', 'bonus']"
132,133,positive,"Sinyal <PROVIDER_NAME> hebat, sampai puncak Halimun masih tetap on, mantap ",sinyal hebat puncak halimun on mantap,"['sinyal', 'hebat', 'puncak', 'halimun', 'on', 'mantap']"
133,134,positive,Nelpon 1.000 Dapat kouta 1gb,nelpon kouta gb,"['nelpon', 'kouta', 'gb']"
134,135,positive,Makin betah aja sama kamu..  :v   #operator  :v <PROVIDER_NAME> ,betah aja v operator v,"['betah', 'aja', 'v', 'operator', 'v']"
135,136,positive,lumayan ini murah meriah <PROVIDER_NAME> ,lumayan murah riah,"['lumayan', 'murah', 'riah']"
136,137,positive,"WOW, Saya baru mendapatkan hadiah fantastis dari <PRODUCT_NAME>! <PRODUCT_NAME> membuat semuanya jadi simpel <URL>  <PROVIDER_NAME>",wow hadiah fantastis simpel,"['wow', 'hadiah', 'fantastis', 'simpel']"
137,138,positive,"Cuma Modal Isi Pulsa 10ribu dapet 2GB Gratis dari <PROVIDER_NAME> :v Tumben Lagi baik, semoga Promonya makin murah murah <PROVIDER_NAME> :D . . <PROVIDER_NAME>",modal isi pulsa ribu dapet gb gratis v tumben moga promonya murah murah d,"['modal', 'isi', 'pulsa', 'ribu', 'dapet', 'gb', 'gratis', 'v', 'tumben', 'moga', 'promonya', 'murah', 'murah', 'd']"
138,139,positive,Ajaib min <PROVIDER_NAME> kartu saya bisa diisi pulsa & digunakan kembali.. terimakasih ya <PROVIDER_NAME>,ajaib min kartu isi pulsa terimakasih ya,"['ajaib', 'min', 'kartu', 'isi', 'pulsa', 'terimakasih', 'ya']"
139,140,positive,Mantap deh <PROVIDER_NAME>. Cuma isi pulsa 25ribu dapat bonus paket data 3GB. Terimakasih juga <PROVIDER_NAME> atas pelayanannya. <PROVIDER_NAME> #mantapjiwa,mantap deh isi pulsa ribu bonus paket data gb terimakasih layan mantapjiwa,"['mantap', 'deh', 'isi', 'pulsa', 'ribu', 'bonus', 'paket', 'data', 'gb', 'terimakasih', 'layan', 'mantapjiwa']"
140,141,positive,terimakasih paket data sudah aktif  dan normal. terimakasih <PROVIDER_NAME> cukup puas dengan pelayanannya. <PROVIDER_NAME> <PROVIDER_NAME>,terimakasih paket data aktif normal terimakasih puas layan,"['terimakasih', 'paket', 'data', 'aktif', 'normal', 'terimakasih', 'puas', 'layan']"
141,142,positive,banyak Perusahaan melupakan hal ini & banyak konsumen menghapus pesan tanpa membacanya menyalahkan padahal sudah diingatkan thanks <PROVIDER_NAME> ,usaha lupa konsumen hapus pesan baca salah thanks,"['usaha', 'lupa', 'konsumen', 'hapus', 'pesan', 'baca', 'salah', 'thanks']"
142,143,positive,Terima kasih <PROVIDER_NAME> !! <PROVIDER_NAME>,terima kasih,"['terima', 'kasih']"
143,144,positive,Hore....<PROVIDER_NAME> Ada sinyal.....thanks <PROVIDER_NAME> .... <PROVIDER_NAME> ,horeprovider name sinyalthanks,"['horeprovider name', 'sinyalthanks']"
144,145,positive,Alhamdulillah sambil nunggu subuh bisa melihat lantunan Adhan Styles dari Mekah dan Madinah dengan jelas karena paket Internet <PROVIDER_NAME> saya bagus,alhamdulillah nunggu subuh lantun adhan styles mekah madinah paket internet bagus,"['alhamdulillah', 'nunggu', 'subuh', 'lantun', 'adhan', 'styles', 'mekah', 'madinah', 'paket', 'internet', 'bagus']"
145,146,positive,"Dengan <PROVIDER_NAME> juga bisa lihat youtube selama setahun tanpa kuota, makin keren aja. ",lihat youtube tahun kuota keren aja,"['lihat', 'youtube', 'tahun', 'kuota', 'keren', 'aja']"
146,147,positive,Dengan jaringan 4G super cepat dari <PROVIDER_NAME> smartphone kamu terus terkoneksi dan bisa pantau aktivitas di sosial media :,jaringan g super cepat smartphone koneksi pantau aktivitas sosial media,"['jaringan', 'g', 'super', 'cepat', 'smartphone', 'koneksi', 'pantau', 'aktivitas', 'sosial', 'media']"
147,148,positive,Menggunakan medsos harus sebijak mungkin. Apalagi ada fasilitas makin oke kayak FB gratis 30MB & free YouTube/Yonder/Genflix dari <PROVIDER_NAME>,medsos bijak fasilitas oke kayak fb gratis mb free youtubeyondergenflix,"['medsos', 'bijak', 'fasilitas', 'oke', 'kayak', 'fb', 'gratis', 'mb', 'free', 'youtubeyondergenflix']"
148,149,positive,"pagi itu, menyegarkan mata selain lari2 kecil, bisa juga dengan nikmatin internet, atau nelpon yang super murah, suara jernih pake <PROVIDER_NAME>. gitu!",pagi segar mata lari nikmatin internet nelpon super murah suara jernih pake gitu,"['pagi', 'segar', 'mata', 'lari', 'nikmatin', 'internet', 'nelpon', 'super', 'murah', 'suara', 'jernih', 'pake', 'gitu']"
149,150,positive,"Buka puasa sambil streaming di YouTube lancar banget pake <PROVIDER_NAME>, jadi makin setia sama <PROVIDER_NAME>.",buka puasa streaming youtube lancar banget pake setia,"['buka', 'puasa', 'streaming', 'youtube', 'lancar', 'banget', 'pake', 'setia']"
150,151,positive,Selain jaringan 4G <PROVIDER_NAME> yang sangat luas temanku juga bisa nelpon ke operator lain secara gratis & suaranya juga jernih banget,jaringan g luas teman nelpon operator gratis suara jernih banget,"['jaringan', 'g', 'luas', 'teman', 'nelpon', 'operator', 'gratis', 'suara', 'jernih', 'banget']"
151,152,positive,Koneksi internet <PROVIDER_NAME> yg lancar sangat  membantu saya dalam menyelesaikan pekerjaaan di hari Jumat sebelum weekend.,koneksi internet yg lancar bantu selesai pekerjaaan jumat weekend,"['koneksi', 'internet', 'yg', 'lancar', 'bantu', 'selesai', 'pekerjaaan', 'jumat', 'weekend']"
152,153,negative,ayo penuhi viralkan keras #Boikot<PROVIDER_NAME>! Nomor sy nomer <PROVIDER_NAME> cantik dr th2007 lgsg sy buang!Jgn main2 dg umat Islam yg brsatu,ayo penuh viralkan keras nomor sy nomer cantik dr th lgsg sy buangjgn main dg umat islam yg brsatu,"['ayo', 'penuh', 'viralkan', 'keras', 'nomor', 'sy', 'nomer', 'cantik', 'dr', 'th', 'lgsg', 'sy', 'buangjgn', 'main', 'dg', 'umat', 'islam', 'yg', 'brsatu']"
153,154,negative,AYO BUANG KARTU <PROVIDER_NAME> ! #Ruh212 <URL>,ayo buang kartu ruh,"['ayo', 'buang', 'kartu', 'ruh']"
154,155,negative,"Selama ini saya pake <PROVIDER_NAME>, Insya Allah setelah paket yang sekarang kuotanya habis saya akan ganti operator lain #Boikot<PROVIDER_NAME>",pake insya allah paket kuota habis ganti operator,"['pake', 'insya', 'allah', 'paket', 'kuota', 'habis', 'ganti', 'operator']"
155,156,negative,CEO <PROVIDER_NAME> harus bertanggung jawab. Sudah ada counter perdana HP berhenti jual perdana <PROVIDER_NAME> #Boikot<PROVIDER_NAME>,ceo tanggung counter perdana hp henti jual perdana,"['ceo', 'tanggung', 'counter', 'perdana', 'hp', 'henti', 'jual', 'perdana']"
156,157,negative,Biar jadi pelajaran buat yang lain... Saya tidak akan pernah pakai produk <PROVIDER_NAME>!!! #Boikot<PROVIDER_NAME>,biar ajar pakai produk,"['biar', 'ajar', 'pakai', 'produk']"
157,158,negative,"kenapa pada boikot <PROVIDER_NAME> ya #Boikot<PROVIDER_NAME> mungkin karena sering nyedot pulsa ga tau dipake apa, sms 1 bayar 1000 cuma buat bonus maksa",boikot ya nyedot pulsa ga tau dipake sms bayar bonus maksa,"['boikot', 'ya', 'nyedot', 'pulsa', 'ga', 'tau', 'dipake', 'sms', 'bayar', 'bonus', 'maksa']"
158,159,positive,Lumayan #Speedtest Jaringan 4G/LTE <PROVIDER_NAME> Area Tarogong #Garut cukup memuaskan <PROVIDER_NAME> <URL>,lumayan speedtest jaringan glte area tarogong garut muas,"['lumayan', 'speedtest', 'jaringan', 'glte', 'area', 'tarogong', 'garut', 'muas']"
159,160,negative,Uji kecepatan <PRODUCT_NAME> #opensignal-ku di <PROVIDER_NAME> 3G <PROVIDER_NAME> disini jelek,uji cepat opensignalku g jelek,"['uji', 'cepat', 'opensignalku', 'g', 'jelek']"
160,161,negative,Tolong di urus segera saya ga mau bayar data yang saya ga dapet datanya <PROVIDER_NAME> <PROVIDER_NAME>,tolong urus ga bayar data ga dapet data,"['tolong', 'urus', 'ga', 'bayar', 'data', 'ga', 'dapet', 'data']"
161,162,positive,Nonton gratis dibayarin <PROVIDER_NAME> poin  <PROVIDER_NAME> <PROVIDER_NAME>poin #passengers…,nonton gratis dibayarin poin provider namepoin passengers,"['nonton', 'gratis', 'dibayarin', 'poin', 'provider namepoin', 'passengers']"
162,163,positive,Makasih ya <PROVIDER_NAME> gratis 4Gnya ayo buruan upgrade <PRODUCT_NAME> mu,makasih ya gratis gnya ayo buru upgrade mu,"['makasih', 'ya', 'gratis', 'gnya', 'ayo', 'buru', 'upgrade', 'mu']"
163,164,positive,Makan malam gratis hari ini hasil tuker <PROVIDER_NAME> Poin  #7eleven #sevel <PROVIDER_NAME>… <URL>,makan malam gratis hasil tuker poin eleven sevel,"['makan', 'malam', 'gratis', 'hasil', 'tuker', 'poin', 'eleven', 'sevel']"
164,165,negative,"Mohon di up jaringan 4G di wilayah Morowali, sangat buruk..  <PROVIDER_NAME> <PROVIDER_NAME>",mohon up jaringan g wilayah morowali buruk,"['mohon', 'up', 'jaringan', 'g', 'wilayah', 'morowali', 'buruk']"
165,166,negative,Jaringan <PROVIDER_NAME> di Waru Atas arae Site WKP tidak dapat digunakan untuk telpon mohon cek Team <PROVIDER_NAME> ,jaringan waru arae site wkp telpon mohon cek team,"['jaringan', 'waru', 'arae', 'site', 'wkp', 'telpon', 'mohon', 'cek', 'team']"
166,167,negative,Semakin hari kualitas dan pelayanannya semakin buruk. Selama 5 bulan melakukan pelaporan namun tidak ada tindakan perbaikan. <PROVIDER_NAME>,kualitas layan buruk lapor tindak baik,"['kualitas', 'layan', 'buruk', 'lapor', 'tindak', 'baik']"
167,168,negative,<PROVIDER_NAME> tolong jaringan di MUARA KAMAN diperbaiki... BBM aja ga bisa ngakses...menyambungkan melulu... sudah 3 minggu lebih,tolong jaringan muara kam baik bbm aja ga ngaksesmenyambungkan melulu minggu,"['tolong', 'jaringan', 'muara', 'kam', 'baik', 'bbm', 'aja', 'ga', 'ngaksesmenyambungkan', 'melulu', 'minggu']"
168,169,negative,Uji kecepatan NYATA  di <PROVIDER_NAME> 3G <PROVIDER_NAME> disini jelek,uji cepat nyata g jelek,"['uji', 'cepat', 'nyata', 'g', 'jelek']"
169,170,negative,Tolong diurus segera saya ga mau bayar data yang saya ga dapat datanya <PROVIDER_NAME> <PROVIDER_NAME>,tolong urus ga bayar data ga data,"['tolong', 'urus', 'ga', 'bayar', 'data', 'ga', 'data']"
170,171,positive,Lumayan #Speedtest Jaringan 4G/LTE <PROVIDER_NAME> Area Tarogong #Garut cukup memuaskan <PROVIDER_NAME> <URL> ,lumayan speedtest jaringan glte area tarogong garut muas,"['lumayan', 'speedtest', 'jaringan', 'glte', 'area', 'tarogong', 'garut', 'muas']"
171,172,positive,Terimakasih ya <PROVIDER_NAME> gratis 4Gnya ayo buruan upgrade <PRODUCT_NAME>,terimakasih ya gratis gnya ayo buru upgrade,"['terimakasih', 'ya', 'gratis', 'gnya', 'ayo', 'buru', 'upgrade']"
172,173,positive,Makan malam gratis hari ini hasil tukar <PROVIDER_NAME> Poin   <PROVIDER_NAME>… <URL>,makan malam gratis hasil tukar poin,"['makan', 'malam', 'gratis', 'hasil', 'tukar', 'poin']"
173,174,negative,ayo viralkan keras #Boikot<PROVIDER_NAME>! Nomor saya nomer <PROVIDER_NAME> cantik dari tahun 2007 saya buang! Jangan main2 dengan umat Islam yang brsatu,ayo viralkan keras nomor nomer cantik buang main umat islam brsatu,"['ayo', 'viralkan', 'keras', 'nomor', 'nomer', 'cantik', 'buang', 'main', 'umat', 'islam', 'brsatu']"
174,175,negative,AYO BUANG KARTU <PROVIDER_NAME> ! #Ruh212 ,ayo buang kartu ruh,"['ayo', 'buang', 'kartu', 'ruh']"
175,176,negative,"Selama ini saya pakai <PROVIDER_NAME>, Insya Allah setelah paket yang sekarang kuotanya habis saya akan ganti operator lain #Boikot<PROVIDER_NAME> ",pakai insya allah paket kuota habis ganti operator,"['pakai', 'insya', 'allah', 'paket', 'kuota', 'habis', 'ganti', 'operator']"
176,177,negative,"kenapa pada boikot <PROVIDER_NAME> ya #Boikot<PROVIDER_NAME> mungkin karena sering menyedot pulsa ga tau dipake apa, sms 1 bayar 1000 cuma buat bonus maksa",boikot ya sedot pulsa ga tau dipake sms bayar bonus maksa,"['boikot', 'ya', 'sedot', 'pulsa', 'ga', 'tau', 'dipake', 'sms', 'bayar', 'bonus', 'maksa']"
177,178,positive,"Buka puasa sambil streaming di YouTube lancar banget pakai <PROVIDER_NAME>, jadi makin setia sama <PROVIDER_NAME>.",buka puasa streaming youtube lancar banget pakai setia,"['buka', 'puasa', 'streaming', 'youtube', 'lancar', 'banget', 'pakai', 'setia']"
178,179,positive,Koneksi internet <PROVIDER_NAME> yang lancar sangat  membantu saya dalam menyelesaikan pekerjaaan di hari Jumat sebelum weekend.,koneksi internet lancar bantu selesai pekerjaaan jumat weekend,"['koneksi', 'internet', 'lancar', 'bantu', 'selesai', 'pekerjaaan', 'jumat', 'weekend']"
179,180,negative,<PROVIDER_NAME> kamu kenapa sinyalnya php <PROVIDER_NAME>,sinyal php,"['sinyal', 'php']"
180,181,negative,Koneksi internet yang sangat menjengkelkan. <PROVIDER_NAME>  #lemot ,koneksi internet jengkel lot,"['koneksi', 'internet', 'jengkel', 'lot']"
181,182,positive,"<PROVIDER_NAME> Nelpon lebih murah pake JS, kurang dari Rp1/detik. <PROVIDER_NAME> <PRODUCT_NAME> <PRODUCT_NAME>",nelpon murah pake js rpdetik,"['nelpon', 'murah', 'pake', 'js', 'rpdetik']"
182,183,positive,"Terima kasih PT <PROVIDER_NAME> , kiriman GRATIS <PROVIDER_NAME> Home-nya sudah tiba.",terima kasih pt kirim gratis homenya,"['terima', 'kasih', 'pt', 'kirim', 'gratis', 'homenya']"
183,184,positive,Kualitas sinyal 4G <PROVIDER_NAME> ikut melengkapi meriahnya festival tersebut. ,kualitas sinyal g lengkap riah festival,"['kualitas', 'sinyal', 'g', 'lengkap', 'riah', 'festival']"
184,185,positive,saya pindah ke <PROVIDER_NAME> yang memang sudah terbukti,pindah bukti,"['pindah', 'bukti']"
185,186,negative,Ini sinyal H+ palsu. Seperti H+ rasa edge. <PROVIDER_NAME> <PROVIDER_NAME> ,sinyal h palsu h edge,"['sinyal', 'h', 'palsu', 'h', 'edge']"
186,187,negative,Pelanggan <PROVIDER_NAME> <PROVIDER_NAME> yg ada di area #Pandeglangkota dirugikan krn jaringan telponnya rusak dan tidak diperbaiki,langgan yg area pandeglangkota rugi krn jaringan telpon rusak baik,"['langgan', 'yg', 'area', 'pandeglangkota', 'rugi', 'krn', 'jaringan', 'telpon', 'rusak', 'baik']"
187,188,negative, Hati-hati Tukang Tipu!! <PROVIDER_NAME>,hatihati tukang tipu,"['hatihati', 'tukang', 'tipu']"
188,189,negative,Sedih. Pakai <PROVIDER_NAME> 4G gak stabil.,sedih pakai g gak stabil,"['sedih', 'pakai', 'g', 'gak', 'stabil']"
189,190,negative,Jarigan <PROVIDER_NAME> lelet. Karena gangguan atau rusak ya,jarigan lelet ganggu rusak ya,"['jarigan', 'lelet', 'ganggu', 'rusak', 'ya']"
190,191,negative,"Daerah Jagakarsa, pakai <PROVIDER_NAME> sinyalnya jelek, yang satu H+ gak dapat 4G, yang satu dapat 4G tapi gak ada sinyal?",daerah jagakarsa pakai sinyal jelek h gak g g gak sinyal,"['daerah', 'jagakarsa', 'pakai', 'sinyal', 'jelek', 'h', 'gak', 'g', 'g', 'gak', 'sinyal']"
191,192,negative,<PROVIDER_NAME> cacat,cacat,['cacat']
192,193,positive,Ini baru #koneksi #internet #4g <PROVIDER_NAME> <URL> ,koneksi internet g,"['koneksi', 'internet', 'g']"
193,194,positive,<PROVIDER_NAME> BagiBerkah ...gak ada kata susah ..cukup sekali sentuh jadi mudah dan berfaedah,bagiberkah gak susah sentuh mudah faedah,"['bagiberkah', 'gak', 'susah', 'sentuh', 'mudah', 'faedah']"
194,195,negative,<PROVIDER_NAME> tumbang di kota Semarang,tumbang kota semarang,"['tumbang', 'kota', 'semarang']"
195,196,negative,Kuotaku masih banyak internetan aja gak bisa <PROVIDER_NAME> <PROVIDER_NAME>Care <PROVIDER_NAME> ,kuota internetan aja gak provider namecare,"['kuota', 'internetan', 'aja', 'gak', 'provider namecare']"
196,197,negative,Selalu Lemot <PROVIDER_NAME>,lot,['lot']
197,198,positive,<PROVIDER_NAME> BerbagiBerkah karena berbagi itu menyenangkan apalagi sama orang yang kita sayangi.,berbagiberkah bagi senang orang sayang,"['berbagiberkah', 'bagi', 'senang', 'orang', 'sayang']"
198,199,positive,Santai pakai <PROVIDER_NAME> <PROVIDER_NAME>4G <PROVIDER_NAME>BagiBerkah bisa diandalkan,santai pakai provider nameg provider namebagiberkah andal,"['santai', 'pakai', 'provider nameg', 'provider namebagiberkah', 'andal']"
199,200,positive,banyak yang masih setia memggunakan <PROVIDER_NAME>,setia memggunakan,"['setia', 'memggunakan']"
200,201,positive,"Yang saya pengen <PROVIDER_NAME> selangkah lebih maju dari yang lain baik layanan ataupun jaringan 3G atau 4G,",ken selang maju layan jaringan g g,"['ken', 'selang', 'maju', 'layan', 'jaringan', 'g', 'g']"
201,202,positive,Yuk pakai <PROVIDER_NAME> Rp1 gratis 1GB,yuk pakai rp gratis gb,"['yuk', 'pakai', 'rp', 'gratis', 'gb']"
202,203,positive,Lebaran tetap pakai <PROVIDER_NAME> yaa #Rp1 gratis 1GB,lebaran pakai yaa rp gratis gb,"['lebaran', 'pakai', 'yaa', 'rp', 'gratis', 'gb']"
203,204,positive,sinyal 4G <PROVIDER_NAME> dipalembang lancar,sinyal g dipalembang lancar,"['sinyal', 'g', 'dipalembang', 'lancar']"
204,205,positive,Keren di rembang ada sinyal 4G <PROVIDER_NAME>,keren rembang sinyal g,"['keren', 'rembang', 'sinyal', 'g']"
205,206,positive,sinyal <PROVIDER_NAME> kuat banget,sinyal kuat banget,"['sinyal', 'kuat', 'banget']"
206,207,positive,4G <PROVIDER_NAME> dapat banget disini,g banget,"['g', 'banget']"
207,208,positive,"Berkat <PROVIDER_NAME> mudiknya jd nyaman,mampir ke posko pun senang..",berkat mudik jd nyamanmampir posko senang,"['berkat', 'mudik', 'jd', 'nyamanmampir', 'posko', 'senang']"
208,209,positive,Terimakasih <PROVIDER_NAME>,terimakasih,['terimakasih']
209,210,positive,untungnya sudah pakai <PROVIDER_NAME>,untung pakai,"['untung', 'pakai']"
210,211,positive,Alhamdulillah masih #setia dengan <PROVIDER_NAME>.. terbaik,alhamdulillah setia baik,"['alhamdulillah', 'setia', 'baik']"
211,212,positive,"<PROVIDER_NAME> memang jauh lebih murah dari <PROVIDER_NAME>, banyak bonusnya lagi",murah bonus,"['murah', 'bonus']"
212,213,negative,RT <USER_MENTION>: Buat <PROVIDER_NAME> setelah kuota habis saya mau ganti provider  ,rt kuota habis ganti provider,"['rt', 'kuota', 'habis', 'ganti', 'provider']"
213,214,negative,<PROVIDER_NAME> memang jancok! sinyal payah,jancok sinyal payah,"['jancok', 'sinyal', 'payah']"
214,215,negative,saya paling tidak pernah pakai  <PROVIDER_NAME>,pakai,['pakai']
215,216,negative,RT <USER_MENTION>: Belum ada permintaan maaf dan pernyataan apapun?  Lanjut boikot <PROVIDER_NAME> #Boikot<PROVIDER_NAME> <URL>,rt minta maaf nyata apa boikot,"['rt', 'minta', 'maaf', 'nyata', 'apa', 'boikot']"
216,217,negative,<PROVIDER_NAME> masa kuota malam saya sudah habis duluan? Logikanya dimana? <URL>,kuota malam habis duluan logika mana,"['kuota', 'malam', 'habis', 'duluan', 'logika', 'mana']"
217,218,negative,"RT <USER_MENTION>: <PROVIDER_NAME> ini <PROVIDER_NAME> di sini jaringan 4G nya penuh, cuma ga mau konek ke internet...",rt jaringan g nya penuh ga konek internet,"['rt', 'jaringan', 'g', 'nya', 'penuh', 'ga', 'konek', 'internet']"
218,219,positive,Sinyal 4g nya stabil nih. mantap <PROVIDER_NAME> <URL>,sinyal g nya stabil nih mantap,"['sinyal', 'g', 'nya', 'stabil', 'nih', 'mantap']"
219,220,negative,"Fungsinya data lokal, 4G sama Flash apa? Toh mau 4G atau 3G yang terpakai duluan data lokalnya. mahal lagi. <PROVIDER_NAME>",fungsi data lokal g flash g g pakai duluan data lokal mahal,"['fungsi', 'data', 'lokal', 'g', 'flash', 'g', 'g', 'pakai', 'duluan', 'data', 'lokal', 'mahal']"
220,221,positive,"Hore, dapat makan malam gratis hari ini karena <PROVIDER_NAME> Poin  #7eleven #sevel <PROVIDER_NAME>… <URL>",hore makan malam gratis poin eleven sevel,"['hore', 'makan', 'malam', 'gratis', 'poin', 'eleven', 'sevel']"
221,222,negative,"Wajar saja <PROVIDER_NAME> dihack, harga mahal banget dan koneksi lambat lagi <PROVIDER_NAME>mahal <PROVIDER_NAME> ",wajar dihack harga mahal banget koneksi lambat provider namemahal,"['wajar', 'dihack', 'harga', 'mahal', 'banget', 'koneksi', 'lambat', 'provider namemahal']"
222,223,positive,*ganti* paket <PROVIDER_NAME>  5Gb langsung lancar dan #TransaksiNormal,ganti paket gb langsung lancar transaksinormal,"['ganti', 'paket', 'gb', 'langsung', 'lancar', 'transaksinormal']"
223,224,negative,Selalu saja ada masalah #Indonesia <PROVIDER_NAME> #konsumen <USER_MENTION>,indonesia konsumen,"['indonesia', 'konsumen']"
224,225,positive,Alhamdulillah gratisan youtube dari <PROVIDER_NAME> pada bulan Ramadhan ini berfaedah sekali.,alhamdulillah gratis youtube ramadhan faedah,"['alhamdulillah', 'gratis', 'youtube', 'ramadhan', 'faedah']"
225,226,negative,<PROVIDER_NAME> KENAPA. sinyal hilang mulu,sinyal hilang mulu,"['sinyal', 'hilang', 'mulu']"
226,227,negative,Data yang sama sekali tidak ada manfaatnya.  <PROVIDER_NAME> <URL> …,data manfaat,"['data', 'manfaat']"
227,228,negative,<PROVIDER_NAME> goblok banget sih sekarang <PROVIDER_NAME> #jadimurahan ,goblok banget sih jadimurahan,"['goblok', 'banget', 'sih', 'jadimurahan']"
228,229,negative,Padahal udah settingan 3G tapi kenapa kuota 3G tidak bisa dipakai malah menguras pulsa yaa? #Tanya <PROVIDER_NAME>,udah settingan g kuota g pakai uras pulsa yaa,"['udah', 'settingan', 'g', 'kuota', 'g', 'pakai', 'uras', 'pulsa', 'yaa']"
229,230,negative,Sudah mahal sinyalnya jelek lagi... <PROVIDER_NAME> bangsat anjing...,mahal sinyal jelek bangsat anjing,"['mahal', 'sinyal', 'jelek', 'bangsat', 'anjing']"
230,231,negative,Jeleknya jaringan internet. <PROVIDER_NAME>,jelek jaringan internet,"['jelek', 'jaringan', 'internet']"
231,232,negative,Cuma di area Pandeglang kota.. jaringan <PROVIDER_NAME> buruk jelek. Kejadian ini sudah berlangsung sebulan lamanya. <PROVIDER_NAME>Care <PROVIDER_NAME>payah <PROVIDER_NAME> harus dihack,area pandeglang kota jaringan buruk jelek jadi bulan provider namecare provider namepayah dihack,"['area', 'pandeglang', 'kota', 'jaringan', 'buruk', 'jelek', 'jadi', 'bulan', 'provider namecare', 'provider namepayah', 'dihack']"
232,233,negative,"benar2 kacau. Baru isi kuota, datanya langsung habis. <PROVIDER_NAME> ",kacau isi kuota data langsung habis,"['kacau', 'isi', 'kuota', 'data', 'langsung', 'habis']"
233,234,positive,<PROVIDER_NAME> ayo kamu bisa,ayo,['ayo']
234,235,positive,Mending ngopi nyantai sambil dengar musik klasik di youtube gratis dari jaringan <PROVIDER_NAME> yang keren,mending ngopi nyantai dengar musik klasik youtube gratis jaringan keren,"['mending', 'ngopi', 'nyantai', 'dengar', 'musik', 'klasik', 'youtube', 'gratis', 'jaringan', 'keren']"
235,236,positive,ada banyak fitur  dari Kartu Perdana <PROVIDER_NAME> yg udah 4.5G <PROVIDER_NAME>Youtube1tahun <PROVIDER_NAME>_Jabo <USER_MENTION>,fitur kartu perdana yg udah g provider nameyoutubetahun provider name jabo,"['fitur', 'kartu', 'perdana', 'yg', 'udah', 'g', 'provider nameyoutubetahun', 'provider name jabo']"
236,237,positive,"Hari minggu masuk kerja tapi gak ada yang dikerjain, ujung2nya mencari lapak terus rebahan sambil denger musik di youtube. <PROVIDER_NAME> top deh",minggu masuk kerja gak dikerjain ujung cari lapak rebah denger musik youtube top deh,"['minggu', 'masuk', 'kerja', 'gak', 'dikerjain', 'ujung', 'cari', 'lapak', 'rebah', 'denger', 'musik', 'youtube', 'top', 'deh']"
237,238,positive,Sekarang enak belanja online. Sinyal kuat dan kencang pakai <PROVIDER_NAME>. ,enak belanja online sinyal kuat kencang pakai,"['enak', 'belanja', 'online', 'sinyal', 'kuat', 'kencang', 'pakai']"
238,239,positive,Mantap! Paket <PRODUCT_NAME> dari <PROVIDER_NAME> bikin mupeng. Banyak <PRODUCT_NAME>nya! ,mantap paket bikin mupeng product namenya,"['mantap', 'paket', 'bikin', 'mupeng', 'product namenya']"
239,240,positive,Selain bonus THR dapat bonus dari <PROVIDER_NAME> yang begini nih yang bikin hati senang juga.. ,bonus thr bonus nih bikin hati senang,"['bonus', 'thr', 'bonus', 'nih', 'bikin', 'hati', 'senang']"
240,241,positive,"Pagi ini saya sahur di Purwakarta, dan disini sinyal <PROVIDER_NAME> nya bagus banget",pagi sahur purwakarta sinyal nya bagus banget,"['pagi', 'sahur', 'purwakarta', 'sinyal', 'nya', 'bagus', 'banget']"
241,242,positive,"Astaga udah sore aja. Keasyikan main hape. Sinyal lancar, hebat emang <PROVIDER_NAME>",astaga udah sore aja asyik main hape sinyal lancar hebat emang,"['astaga', 'udah', 'sore', 'aja', 'asyik', 'main', 'hape', 'sinyal', 'lancar', 'hebat', 'emang']"
242,243,positive,"Kadang, saya juga cari referensi di youtube yang merupakan gudang informasi keren. <PROVIDER_NAME> youtube an tanpa kuota bisa streaming lancar",kadang cari referensi youtube gudang informasi keren youtube an kuota streaming lancar,"['kadang', 'cari', 'referensi', 'youtube', 'gudang', 'informasi', 'keren', 'youtube', 'an', 'kuota', 'streaming', 'lancar']"
243,244,positive,belajar mengedit video di youtube jadi enak dan cepat paham kalo jaringan <PROVIDER_NAME> lancar dan kencang begini.,ajar edit video youtube enak cepat paham kalo jaringan lancar kencang,"['ajar', 'edit', 'video', 'youtube', 'enak', 'cepat', 'paham', 'kalo', 'jaringan', 'lancar', 'kencang']"
244,245,positive,"Tethering pakai kartu <PROVIDER_NAME> sinyalnya kencang badai, apalagi kalau lagi browsing"" mencari bahan artikel. Dijamin lancar.",tethering pakai kartu sinyal kencang badai browsing cari bahan artikel jamin lancar,"['tethering', 'pakai', 'kartu', 'sinyal', 'kencang', 'badai', 'browsing', 'cari', 'bahan', 'artikel', 'jamin', 'lancar']"
245,246,negative,Saya tidak akan pernah pakai produk <PROVIDER_NAME>!!! boikot <PROVIDER_NAME> #Boikot<PROVIDER_NAME>,pakai produk boikot,"['pakai', 'produk', 'boikot']"
246,247,negative,Ayo yang masih pakai kartu <PROVIDER_NAME> Segera buang ke Got ya,ayo pakai kartu buang got ya,"['ayo', 'pakai', 'kartu', 'buang', 'got', 'ya']"
247,248,negative,#Boikot<PROVIDER_NAME>..saatnya hijrah ke ..selamat tinggal <PROVIDER_NAME>..,boikotprovider namesaatnya hijrah selamat tinggal,"['boikotprovider namesaatnya', 'hijrah', 'selamat', 'tinggal']"
248,249,positive,Alhamdulillah Kuota <PROVIDER_NAME> banyak yang murah,alhamdulillah kuota murah,"['alhamdulillah', 'kuota', 'murah']"
249,250,negative,"Sudah tarifnya paling mahal, ditambah jaringan yang semakin hari semakin susah! <PROVIDER_NAME> mengesalkan banget ",tarif mahal tambah jaringan susah kesal banget,"['tarif', 'mahal', 'tambah', 'jaringan', 'susah', 'kesal', 'banget']"
250,251,negative,"<PROVIDER_NAME> Pulsanya masih ada, TM masih banyak, mau nelpon ke sesama simpati katanya pulsa gak cukup, kampret ini <PROVIDER_NAME> ",pulsa tm nelpon simpati pulsa gak kampret,"['pulsa', 'tm', 'nelpon', 'simpati', 'pulsa', 'gak', 'kampret']"
251,252,positive,Tiba-tiba ada sinyal 4g di rumahku.  Biasanya gak ada.. lancar juga. <PROVIDER_NAME>,tibatiba sinyal g rumah gak lancar,"['tibatiba', 'sinyal', 'g', 'rumah', 'gak', 'lancar']"
252,253,negative,"Tadinya berharap paling bagus untuk kerja online,Ternyata internetnya tidak seSimpati namanya <PROVIDER_NAME> <URL>",harap bagus kerja onlineternyata internetnya simpat nama,"['harap', 'bagus', 'kerja', 'onlineternyata', 'internetnya', 'simpat', 'nama']"
253,254,negative,Jaringan internet <PROVIDER_NAME> di sumba timur parah....,jaringan internet sumba timur parah,"['jaringan', 'internet', 'sumba', 'timur', 'parah']"
254,255,negative,Kualitas jaringan <PROVIDER_NAME> sangat menurun di wilayah Sukabumi.,kualitas jaringan turun wilayah sukabumi,"['kualitas', 'jaringan', 'turun', 'wilayah', 'sukabumi']"
255,256,negative,Ternyata tidak cuma saya yang mengeluh karena sinyal atau pelayanan <PROVIDER_NAME> dalam jaringan internet masih kurang,keluh sinyal layan jaringan internet,"['keluh', 'sinyal', 'layan', 'jaringan', 'internet']"
256,257,negative,"Sudah tengah malam, jaringan kok masih super lelet <PROVIDER_NAME> gak berkualitas",malam jaringan super lelet gak kualitas,"['malam', 'jaringan', 'super', 'lelet', 'gak', 'kualitas']"
257,258,negative,Sinyal <PROVIDER_NAME> yang sangat menyedihkan,sinyal sedih,"['sinyal', 'sedih']"
258,259,negative,<PROVIDER_NAME> makin bangsat kalau dibiarin,bangsat dibiarin,"['bangsat', 'dibiarin']"
259,260,negative,<PROVIDER_NAME> memang bangsat gemas duh,bangsat gemas duh,"['bangsat', 'gemas', 'duh']"
260,261,negative,Signal <PROVIDER_NAME> Mentari makin lama makin memprihatinkan. Saatnya memikirkan untuk ganti kartu. Kecewa <PROVIDER_NAME>,signal mentari prihatin pikir ganti kartu kecewa,"['signal', 'mentari', 'prihatin', 'pikir', 'ganti', 'kartu', 'kecewa']"
261,262,negative,<PROVIDER_NAME> apakah <PROVIDER_NAME> lagi gangguan di daerah kramat jati? Sumpah sudah lelet banget padahal sudah 4g ,ganggu daerah kramat jati sumpah lelet banget g,"['ganggu', 'daerah', 'kramat', 'jati', 'sumpah', 'lelet', 'banget', 'g']"
262,263,negative,"<PROVIDER_NAME> kenapa <PROVIDER_NAME> super lelet? 4g tp kecepatan 0,1 1 kb/s. gangguan atau gimana sih? ",super lelet g tp cepat kbs ganggu gimana sih,"['super', 'lelet', 'g', 'tp', 'cepat', 'kbs', 'ganggu', 'gimana', 'sih']"
263,264,negative,tai <PROVIDER_NAME>,tai,['tai']
264,265,negative,"Ya allah. Kalau hujan sinyal <PROVIDER_NAME> kaya lagunya Kotak ""Pelan Pelan Saja""",ya allah hujan sinyal kaya lagu kotak pelan pelan,"['ya', 'allah', 'hujan', 'sinyal', 'kaya', 'lagu', 'kotak', 'pelan', 'pelan']"
265,266,negative,bikin kelar <PROVIDER_NAME> ,bikin kelar,"['bikin', 'kelar']"
266,267,negative,<PROVIDER_NAME> Hooq sangat tidak bermanfaat. Beli kuota bisa menonton di youtube gak perlu Hooq #rugi <PRODUCT_NAME> #kuota <PROVIDER_NAME> ,hooq manfaat beli kuota tonton youtube gak hooq rugi kuota,"['hooq', 'manfaat', 'beli', 'kuota', 'tonton', 'youtube', 'gak', 'hooq', 'rugi', 'kuota']"
267,268,negative,<PROVIDER_NAME>  Di daerahku udah 3 hari  trouble mulu,daerah udah trouble mulu,"['daerah', 'udah', 'trouble', 'mulu']"
268,269,negative,"sisa 2 hari kuota <PROVIDER_NAME> <PROVIDER_NAME> tapi sudah dibilang habis, gimana ini!",sisa kuota bilang habis gimana,"['sisa', 'kuota', 'bilang', 'habis', 'gimana']"
269,270,negative,Jaringan simpati anjir banget akhir2 ini. <PROVIDER_NAME>,jaringan simpati anjir banget,"['jaringan', 'simpati', 'anjir', 'banget']"
270,271,negative,Dan terjadi lagi <PROVIDER_NAME> tai,tai,['tai']
271,272,positive,Untung pakai <PROVIDER_NAME> walaupun jauh dari rumah tapi Alhamdulillah semua urusan beres.,untung pakai rumah alhamdulillah urus beres,"['untung', 'pakai', 'rumah', 'alhamdulillah', 'urus', 'beres']"
272,273,negative,jaringan <PROVIDER_NAME> flash untuk daerah aceh singkil kok gak stabil <PROVIDER_NAME>,jaringan flash daerah aceh singkil gak stabil,"['jaringan', 'flash', 'daerah', 'aceh', 'singkil', 'gak', 'stabil']"
273,274,negative,<PROVIDER_NAME> tarif mahal dengan sinyal parah.,tarif mahal sinyal parah,"['tarif', 'mahal', 'sinyal', 'parah']"
274,275,negative,"Jadi, sudah seminggu ini saya digangguin sama bunyi SMS dari <PROVIDER_NAME>. Ada promo, katanya.… <URL> ",minggu digangguin bunyi sms promo,"['minggu', 'digangguin', 'bunyi', 'sms', 'promo']"
275,276,negative,Oh jariangan kenapa <PROVIDER_NAME>,oh jariangan,"['oh', 'jariangan']"
276,277,negative,Tiap jam 12 malam ke atas hancur koneksinya <PROVIDER_NAME>,jam malam hancur koneksi,"['jam', 'malam', 'hancur', 'koneksi']"
277,278,negative,Sedih saya kalau beli paket internet <PROVIDER_NAME>,sedih beli paket internet,"['sedih', 'beli', 'paket', 'internet']"
278,279,positive,Hobi ngecek <PRODUCT_NAME> kali aja ada promo kuota internet buat penguna setia <PROVIDER_NAME> ternyata ada. Alhamdulillah rejeki anak biasa,hobi ngecek kali aja promo kuota internet penguna setia alhamdulillah rejeki anak,"['hobi', 'ngecek', 'kali', 'aja', 'promo', 'kuota', 'internet', 'penguna', 'setia', 'alhamdulillah', 'rejeki', 'anak']"
279,280,negative,<PROVIDER_NAME> setelah dihack malah tambah mahal,dihack mahal,"['dihack', 'mahal']"
280,281,negative,Jaringan lelet <PROVIDER_NAME>,jaringan lelet,"['jaringan', 'lelet']"
281,282,negative,<PROVIDER_NAME> lagi gangguan ya??,ganggu ya,"['ganggu', 'ya']"
282,283,negative,<PROVIDER_NAME> hancur jaringannya,hancur jaring,"['hancur', 'jaring']"
283,284,negative,Setiap isi pulsa belum dipakai pasti hilang mohon pejelasannya buat <PROVIDER_NAME>,isi pulsa pakai hilang mohon jelas,"['isi', 'pulsa', 'pakai', 'hilang', 'mohon', 'jelas']"
284,285,negative,<PROVIDER_NAME> memang bikin sebal ,bikin sebal,"['bikin', 'sebal']"
285,286,negative,4G LTE <PROVIDER_NAME> sedang bermasalah,g lte masalah,"['g', 'lte', 'masalah']"
286,287,negative,<PROVIDER_NAME> luar biasa parah 2 hari cuma buang2 kuota... payah <PROVIDER_NAME> <PROVIDER_NAME> <PROVIDER_NAME>,parah buang kuota payah,"['parah', 'buang', 'kuota', 'payah']"
287,288,positive,koneksinya makin lancar pakai <PROVIDER_NAME> ,koneksi lancar pakai,"['koneksi', 'lancar', 'pakai']"
288,289,positive,pakai sinyal <PROVIDER_NAME> lancar. <PROVIDER_NAME> memang yess!! ,pakai sinyal lancar yess,"['pakai', 'sinyal', 'lancar', 'yess']"
289,290,positive,"Data-data kerja jadi lebih cepat dicari kalau internetnya pakai <PROVIDER_NAME>,",datadata kerja cepat cari internetnya pakai,"['datadata', 'kerja', 'cepat', 'cari', 'internetnya', 'pakai']"
290,291,positive,"<PROVIDER_NAME> memang juara, dari tadi nonton Youtube kuota masih full aja XD",juara nonton youtube kuota full aja xd,"['juara', 'nonton', 'youtube', 'kuota', 'full', 'aja', 'xd']"
291,292,positive,Kenikmatan yang bisa didapatkan saat menjadi pengguna <PROVIDER_NAME> adalah menonton youtube gratis selama setahun,nikmat dapat guna tonton youtube gratis tahun,"['nikmat', 'dapat', 'guna', 'tonton', 'youtube', 'gratis', 'tahun']"
292,293,positive,Upload file yang besar juga sangat mudah dengan <PROVIDER_NAME>. Karena jaringan internetnya sangat cepat. Alhamdulillah,upload file mudah jaringan internetnya cepat alhamdulillah,"['upload', 'file', 'mudah', 'jaringan', 'internetnya', 'cepat', 'alhamdulillah']"
293,294,positive,"Untungnya pake <PROVIDER_NAME>, pekerjaan gua lancar :))",untung pake kerja gua lancar,"['untung', 'pake', 'kerja', 'gua', 'lancar']"
294,295,positive,Siang ini nyoba bonus telpon pakai kartu <PROVIDER_NAME> baru. Aman lancar jaya suaranya meski cuaca hujan.,siang nyoba bonus telpon pakai kartu aman lancar jaya suara cuaca hujan,"['siang', 'nyoba', 'bonus', 'telpon', 'pakai', 'kartu', 'aman', 'lancar', 'jaya', 'suara', 'cuaca', 'hujan']"
295,296,positive,"Pantesan lancar ya, sinyal <PROVIDER_NAME> yang 4G lancar sekali di lombok timur",pantesan lancar ya sinyal g lancar lombok timur,"['pantesan', 'lancar', 'ya', 'sinyal', 'g', 'lancar', 'lombok', 'timur']"
296,297,positive,Alhamdulillah lancar pakai <PROVIDER_NAME>,alhamdulillah lancar pakai,"['alhamdulillah', 'lancar', 'pakai']"
297,298,positive,"Untung pakai internet <PROVIDER_NAME>, lancar, jadi dapat banyak ide.",untung pakai internet lancar ide,"['untung', 'pakai', 'internet', 'lancar', 'ide']"
298,299,positive,"di tempat ramai seperti di lokasi wisata, <PROVIDER_NAME> tetap jaya.",ramai lokasi wisata jaya,"['ramai', 'lokasi', 'wisata', 'jaya']"
299,300,negative,Sinyal <PROVIDER_NAME> amsyong d stadion gajayana,sinyal amsyong d stadion gajayana,"['sinyal', 'amsyong', 'd', 'stadion', 'gajayana']"
